[
  {
    "inputs": [
      {
        "internalType": "uint256",
        "name": "mintAmount",
        "type": "uint256"
      }
    ],
    "name": "mint",
    "outputs": [
      {
        "internalType": "uint256",
        "name": "",
        "type": "uint256"
      }
    ],
    "stateMutability": "nonpayable",
    "type": "function"
  },
  {
    "inputs": [
      {
        "internalType": "uint256",
        "name": "redeemTokens",
        "type": "uint256"
      }
    ],
    "name": "redeem",
    "outputs": [
      {
        "internalType": "uint256",
        "name": "",
        "type": "uint256"
      }
    ],
    "stateMutability": "nonpayable",
    "type": "function"
  }
]