[
  {
    "anonymous": false,
    "inputs": [
      {
        "indexed": true,
        "internalType": "bytes32",
        "name": "key",
        "type": "bytes32"
      },
      {
        "indexed": true,
        "internalType": "address",
        "name": "finalizer",
        "type": "address"
      },
      {
        "indexed": true,
        "internalType": "uint256",
        "name": "incidentDate",
        "type": "uint256"
      }
    ],
    "name": "Finalized",
    "type": "event"
  },
  {
    "inputs": [
      {
        "internalType": "bytes32",
        "name": "key",
        "type": "bytes32"
      },
      {
        "internalType": "uint256",
        "name": "incidentDate",
        "type": "uint256"
      }
    ],
    "name": "finalize",
    "outputs": [],
    "stateMutability": "nonpayable",
    "type": "function"
  }
]