[
  {
    "inputs": [
      {
        "internalType": "address",
        "name": "sendTo",
        "type": "address"
      }
    ],
    "name": "recoverEther",
    "outputs": [],
    "stateMutability": "nonpayable",
    "type": "function"
  },
  {
    "inputs": [
      {
        "internalType": "address",
        "name": "token",
        "type": "address"
      },
      {
        "internalType": "address",
        "name": "sendTo",
        "type": "address"
      }
    ],
    "name": "recoverToken",
    "outputs": [],
    "stateMutability": "nonpayable",
    "type": "function"
  },
  {
    "inputs": [],
    "name": "s",
    "outputs": [
      {
        "internalType": "contract IStore",
        "name": "",
        "type": "address"
      }
    ],
    "stateMutability": "view",
    "type": "function"
  }
]