[
  {
    "anonymous": false,
    "inputs": [
      {
        "indexed": false,
        "internalType": "bytes32",
        "name": "key",
        "type": "bytes32"
      },
      {
        "indexed": false,
        "internalType": "uint256",
        "name": "period",
        "type": "uint256"
      }
    ],
    "name": "CooldownPeriodConfigured",
    "type": "event"
  },
  {
    "anonymous": false,
    "inputs": [
      {
        "indexed": false,
        "internalType": "bytes32",
        "name": "key",
        "type": "bytes32"
      },
      {
        "indexed": false,
        "internalType": "uint256",
        "name": "incidentDate",
        "type": "uint256"
      },
      {
        "indexed": false,
        "internalType": "uint256",
        "name": "resolutionDeadline",
        "type": "uint256"
      },
      {
        "indexed": false,
        "internalType": "bool",
        "name": "decision",
        "type": "bool"
      },
      {
        "indexed": false,
        "internalType": "bool",
        "name": "emergency",
        "type": "bool"
      },
      {
        "indexed": false,
        "internalType": "uint256",
        "name": "claimBeginsFrom",
        "type": "uint256"
      },
      {
        "indexed": false,
        "internalType": "uint256",
        "name": "claimExpiresAt",
        "type": "uint256"
      }
    ],
    "name": "Resolved",
    "type": "event"
  },
  {
    "inputs": [
      {
        "internalType": "bytes32",
        "name": "key",
        "type": "bytes32"
      },
      {
        "internalType": "uint256",
        "name": "period",
        "type": "uint256"
      }
    ],
    "name": "configureCoolDownPeriod",
    "outputs": [],
    "stateMutability": "nonpayable",
    "type": "function"
  },
  {
    "inputs": [
      {
        "internalType": "bytes32",
        "name": "key",
        "type": "bytes32"
      },
      {
        "internalType": "uint256",
        "name": "incidentDate",
        "type": "uint256"
      },
      {
        "internalType": "bool",
        "name": "decision",
        "type": "bool"
      }
    ],
    "name": "emergencyResolve",
    "outputs": [],
    "stateMutability": "nonpayable",
    "type": "function"
  },
  {
    "inputs": [
      {
        "internalType": "bytes32",
        "name": "key",
        "type": "bytes32"
      }
    ],
    "name": "getCoolDownPeriod",
    "outputs": [
      {
        "internalType": "uint256",
        "name": "",
        "type": "uint256"
      }
    ],
    "stateMutability": "view",
    "type": "function"
  },
  {
    "inputs": [
      {
        "internalType": "bytes32",
        "name": "key",
        "type": "bytes32"
      }
    ],
    "name": "getResolutionDeadline",
    "outputs": [
      {
        "internalType": "uint256",
        "name": "",
        "type": "uint256"
      }
    ],
    "stateMutability": "view",
    "type": "function"
  },
  {
    "inputs": [
      {
        "internalType": "bytes32",
        "name": "key",
        "type": "bytes32"
      },
      {
        "internalType": "uint256",
        "name": "incidentDate",
        "type": "uint256"
      }
    ],
    "name": "resolve",
    "outputs": [],
    "stateMutability": "nonpayable",
    "type": "function"
  }
]