[
  {
    "inputs": [
      {
        "internalType": "address",
        "name": "tokenA",
        "type": "address"
      },
      {
        "internalType": "address",
        "name": "tokenB",
        "type": "address"
      },
      {
        "internalType": "uint256",
        "name": "amountADesired",
        "type": "uint256"
      },
      {
        "internalType": "uint256",
        "name": "amountBDesired",
        "type": "uint256"
      },
      {
        "internalType": "uint256",
        "name": "amountAMin",
        "type": "uint256"
      },
      {
        "internalType": "uint256",
        "name": "amountBMin",
        "type": "uint256"
      },
      {
        "internalType": "address",
        "name": "to",
        "type": "address"
      },
      {
        "internalType": "uint256",
        "name": "deadline",
        "type": "uint256"
      }
    ],
    "name": "addLiquidity",
    "outputs": [
      {
        "internalType": "uint256",
        "name": "amountA",
        "type": "uint256"
      },
      {
        "internalType": "uint256",
        "name": "amountB",
        "type": "uint256"
      },
      {
        "internalType": "uint256",
        "name": "liquidity",
        "type": "uint256"
      }
    ],
    "stateMutability": "nonpayable",
    "type": "function"
  },
  {
    "inputs": [],
    "name": "factory",
    "outputs": [
      {
        "internalType": "address",
        "name": "",
        "type": "address"
      }
    ],
    "stateMutability": "view",
    "type": "function"
  },
  {
    "inputs": [
      {
        "internalType": "uint256",
        "name": "amountOut",
        "type": "uint256"
      },
      {
        "internalType": "uint256",
        "name": "reserveIn",
        "type": "uint256"
      },
      {
        "internalType": "uint256",
        "name": "reserveOut",
        "type": "uint256"
      }
    ],
    "name": "getAmountIn",
    "outputs": [
      {
        "internalType": "uint256",
        "name": "amountIn",
        "type": "uint256"
      }
    ],
    "stateMutability": "pure",
    "type": "function"
  },
  {
    "inputs": [
      {
        "internalType": "uint256",
        "name": "amountIn",
        "type": "uint256"
      },
      {
        "internalType": "uint256",
        "name": "reserveIn",
        "type": "uint256"
      },
      {
        "internalType": "uint256",
        "name": "reserveOut",
        "type": "uint256"
      }
    ],
    "name": "getAmountOut",
    "outputs": [
      {
        "internalType": "uint256",
        "name": "amountOut",
        "type": "uint256"
      }
    ],
    "stateMutability": "pure",
    "type": "function"
  },
  {
    "inputs": [
      {
        "internalType": "uint256",
        "name": "amountOut",
        "type": "uint256"
      },
      {
        "internalType": "address[]",
        "name": "path",
        "type": "address[]"
      }
    ],
    "name": "getAmountsIn",
    "outputs": [
      {
        "internalType": "uint256[]",
        "name": "amounts",
        "type": "uint256[]"
      }
    ],
    "stateMutability": "view",
    "type": "function"
  },
  {
    "inputs": [
      {
        "internalType": "uint256",
        "name": "amountIn",
        "type": "uint256"
      },
      {
        "internalType": "address[]",
        "name": "path",
        "type": "address[]"
      }
    ],
    "name": "getAmountsOut",
    "outputs": [
      {
        "internalType": "uint256[]",
        "name": "amounts",
        "type": "uint256[]"
      }
    ],
    "stateMutability": "view",
    "type": "function"
  },
  {
    "inputs": [
      {
        "internalType": "uint256",
        "name": "amountA",
        "type": "uint256"
      },
      {
        "internalType": "uint256",
        "name": "reserveA",
        "type": "uint256"
      },
      {
        "internalType": "uint256",
        "name": "reserveB",
        "type": "uint256"
      }
    ],
    "name": "quote",
    "outputs": [
      {
        "internalType": "uint256",
        "name": "amountB",
        "type": "uint256"
      }
    ],
    "stateMutability": "pure",
    "type": "function"
  }
]