[
  {
    "inputs": [],
    "name": "getReserves",
    "outputs": [
      {
        "internalType": "uint112",
        "name": "reserve0",
        "type": "uint112"
      },
      {
        "internalType": "uint112",
        "name": "reserve1",
        "type": "uint112"
      },
      {
        "internalType": "uint32",
        "name": "blockTimestampLast",
        "type": "uint32"
      }
    ],
    "stateMutability": "view",
    "type": "function"
  },
  {
    "inputs": [],
    "name": "token0",
    "outputs": [
      {
        "internalType": "address",
        "name": "",
        "type": "address"
      }
    ],
    "stateMutability": "view",
    "type": "function"
  },
  {
    "inputs": [],
    "name": "token1",
    "outputs": [
      {
        "internalType": "address",
        "name": "",
        "type": "address"
      }
    ],
    "stateMutability": "view",
    "type": "function"
  },
  {
    "inputs": [],
    "name": "totalSupply",
    "outputs": [
      {
        "internalType": "uint256",
        "name": "",
        "type": "uint256"
      }
    ],
    "stateMutability": "view",
    "type": "function"
  }
]