[
  {
    "anonymous": false,
    "inputs": [
      {
        "indexed": true,
        "internalType": "address",
        "name": "caller",
        "type": "address"
      },
      {
        "indexed": true,
        "internalType": "address",
        "name": "burner",
        "type": "address"
      },
      {
        "indexed": false,
        "internalType": "uint256",
        "name": "originalReward",
        "type": "uint256"
      },
      {
        "indexed": false,
        "internalType": "uint256",
        "name": "burnedAmount",
        "type": "uint256"
      }
    ],
    "name": "GovernanceBurned",
    "type": "event"
  },
  {
    "anonymous": false,
    "inputs": [
      {
        "indexed": true,
        "internalType": "address",
        "name": "caller",
        "type": "address"
      },
      {
        "indexed": true,
        "internalType": "address",
        "name": "reporter",
        "type": "address"
      },
      {
        "indexed": false,
        "internalType": "uint256",
        "name": "originalReward",
        "type": "uint256"
      },
      {
        "indexed": false,
        "internalType": "uint256",
        "name": "reporterReward",
        "type": "uint256"
      }
    ],
    "name": "ReporterRewardDistributed",
    "type": "event"
  },
  {
    "anonymous": false,
    "inputs": [
      {
        "indexed": true,
        "internalType": "address",
        "name": "caller",
        "type": "address"
      },
      {
        "indexed": false,
        "internalType": "uint256",
        "name": "originalStake",
        "type": "uint256"
      },
      {
        "indexed": false,
        "internalType": "uint256",
        "name": "reward",
        "type": "uint256"
      }
    ],
    "name": "Unstaken",
    "type": "event"
  },
  {
    "inputs": [
      {
        "internalType": "address",
        "name": "account",
        "type": "address"
      },
      {
        "internalType": "bytes32",
        "name": "key",
        "type": "bytes32"
      },
      {
        "internalType": "uint256",
        "name": "incidentDate",
        "type": "uint256"
      }
    ],
    "name": "getUnstakeInfoFor",
    "outputs": [
      {
        "internalType": "uint256",
        "name": "totalStakeInWinningCamp",
        "type": "uint256"
      },
      {
        "internalType": "uint256",
        "name": "totalStakeInLosingCamp",
        "type": "uint256"
      },
      {
        "internalType": "uint256",
        "name": "myStakeInWinningCamp",
        "type": "uint256"
      },
      {
        "internalType": "uint256",
        "name": "toBurn",
        "type": "uint256"
      },
      {
        "internalType": "uint256",
        "name": "toReporter",
        "type": "uint256"
      },
      {
        "internalType": "uint256",
        "name": "myReward",
        "type": "uint256"
      },
      {
        "internalType": "uint256",
        "name": "unstaken",
        "type": "uint256"
      }
    ],
    "stateMutability": "view",
    "type": "function"
  },
  {
    "inputs": [
      {
        "internalType": "bytes32",
        "name": "key",
        "type": "bytes32"
      },
      {
        "internalType": "uint256",
        "name": "incidentDate",
        "type": "uint256"
      }
    ],
    "name": "unstake",
    "outputs": [],
    "stateMutability": "nonpayable",
    "type": "function"
  },
  {
    "inputs": [
      {
        "internalType": "bytes32",
        "name": "key",
        "type": "bytes32"
      },
      {
        "internalType": "uint256",
        "name": "incidentDate",
        "type": "uint256"
      }
    ],
    "name": "unstakeWithClaim",
    "outputs": [],
    "stateMutability": "nonpayable",
    "type": "function"
  }
]